"subject","weight"
9,60.9174634016376
12,73.8363493990381
10,74.1568890288942
3,51.5012528371183
8,40.8538000712507
1,69.7720104130709
4,74.1952588035022
2,78.7044231115702
7,65.4007701452181
11,61.0937221738019
6,93.1038927007512
5,74.1914406414191
