"subject","weight"
11,62.8157230553242
12,72.201397766741
4,73.4198837991749
7,61.7889652556196
9,57.2961884438036
8,40.936141004977
5,74.0381187796958
1,68.7560952968691
10,71.6485333356125
3,49.9464557831086
2,73.8085749426633
6,90.1621043545922
